<?xml version="1.0" encoding="UTF-8"?><?xml-stylesheet type='text/xsl' href='_UpgradeReport_Files/UpgradeReport.xslt'?><UpgradeLog>
<Properties><Property Name="Solution" Value="MaxMinSales_SistInform2 AulasTP">
</Property><Property Name="Solution File" Value="C:\Trabalho_Aulas (VIRIATO)\Sisinform2_2012_2013\2TeóricoPráticas\Lab4_Datamining\MaxMinSales_SistInform2 AulasTP\MaxMinSales_SistInform2 AulasTP.sln">
</Property><Property Name="Date" Value="19 April 2013">
</Property><Property Name="Time" Value="00:36">
</Property></Properties><Event ErrorLevel="0" Project="" Source="MaxMinSales_SistInform2 AulasTP.sln" Description="Solution converted successfully">
</Event><Event ErrorLevel="3" Project="" Source="MaxMinSales_SistInform2 AulasTP.sln" Description="Converted">
</Event></UpgradeLog>